player,winrate_last10
Abdulla M.,
Abel M.,
Acasuso J.,0.3960537918871252
Added D.,0.35
Agaev E.,0.375
Agassi A.,0.689076278659612
Agenor R.,0.35
Agostinelli B.,0.375
Ajdukovic D.,0.35
Al Ghareeb M.,0.35
Al Mutawa J.,0.35
Al-Alawi S.K.,0.35
Al-Ghareeb M.,0.35
Alami K.,0.35
Albot R.,0.38172268907563023
Alcaraz C.,0.7183641975308642
Ali Mutawa J.M.,0.75
Allegro Y.,0.75
Almagro N.,0.42133333333333334
Almagro N. ,0.5555555555555556
Altmaier D.,0.42134920634920636
Alvarez E.,0.5555555555555556
Alvarez Varona N.,0.5
Alves T.,0.38095238095238093
Amritraj P.,0.35
Ancic M.,0.55119825708061
Anderson A.,0.6666666666666666
Anderson K.,0.6089979550102249
Anderson O.,0.4444444444444444
Andreev A.,0.375
Andreev I.,0.3913147648996706
Andreev I. ,0.4444444444444444
Andreozzi G.,0.53125
Androic T.,0.5714285714285714
Andujar P.,0.35
Aragone J.C.,0.35
Arazi H.,0.3997354497354497
Arevalo M.,0.4444444444444444
Arnaboldi A.,0.5
Arnaldi M.,0.5781024531024531
Arthurs W.,0.4303030303030303
Artunedo Martinavarro A.,0.4444444444444444
Ascione A.,0.5
Ascione T.,0.3822278911564626
Atmane T.,0.35
Auger-Aliassime F.,0.559853249475891
Baccanello P.,0.6666666666666666
Bachinger M.,0.44722222222222224
Baez S.,0.35
Baghdatis M.,0.5278959810874705
Bagnis F.,0.5318518518518519
Bahrouzyan O.,0.35
Bai Y.,0.375
Baker B.,0.35
Balazs A.,0.35
Balcells J.,0.4153846153846154
Ball C.,0.611111111111111
Balleret B.,0.375
Barrere G.,0.37966269841269845
Barrientos N.,0.35
Barrios M.,0.375
Barton M.,0.35
Basavareddy N.,0.6105442176870748
Basic M.,0.6826388888888889
Basilashvili N.,0.4938271604938272
Bastl G.,0.35470085470085466
Bautista Agut R.,0.5865005192107996
Bautista R.,0.5722222222222222
Bautista R. ,0.75
Beck A.,0.5793402777777777
Beck A. ,0.35
Beck K.,0.42861757105943155
Becker B.,0.3704607046070461
Becker B. ,0.35
Becroft I.,0.35
Bedene A.,0.4743308434484905
Bega A.,0.5555555555555556
Behr N.,0.5416666666666666
Behrend T.,0.37593795093795096
Bellier A.,0.35
Bellucci M.,0.4583333333333333
Bellucci T.,0.4107298474945534
Bemelmans R.,0.35
Benneteau A.,0.35
Benneteau J.,0.5136666666666666
Benneteau J. ,0.4444444444444444
Berankis R.,0.5282627865961199
Berdych T.,0.6286647992530344
Berdych T. ,0.6666666666666666
Bergs Z.,0.6777777777777777
Berlocq C.,0.3611111111111111
Berrer M.,0.4694949494949495
Berrettini J.,0.5555555555555556
Berrettini M.,0.5713122605363985
Berrettini M. ,0.4444444444444444
Bester P.,0.35
Bhambri Y.,0.3757936507936508
Bhupathi M.,0.6666666666666666
Bjorkman J.,0.46473634651600754
Black B.,0.35
Black W.,0.35
Blake J.,0.6674059139784947
Blake J. ,0.4444444444444444
Blake T.,0.5
Blancaneaux G.,0.5714285714285714
Blanch U.,0.5
Blanchet U.,0.5
Blanco G.,0.35
Blockx A.,0.35
Bloomfield R.,0.35
Boeker M.,0.35
Bogomolov A.,0.3926248548199768
Bogomolov Jr. A.,0.5555555555555556
Bohli S.,0.35
Bohli S. ,0.35
Bolelli S.,0.35
Bolelli S. ,0.4444444444444444
Bolt A.,0.37638888888888894
Bonzi B.,0.4636636636636636
Bopanna R.,0.3580246913580247
Borg L.,0.35
Borges N.,0.44339080459770114
Borvanov R.,0.4444444444444444
Bourchier H.,0.4375
Bourgeois L.,0.4285714285714285
Bourgue M.,0.35
Boutter J.,0.3678571428571428
Bowles C.,0.5555555555555556
Boyer T.,0.65
Bozoljac I.,0.6428571428571428
Bracciali D.,0.39424603174603173
Brands D.,0.3686507936507937
Britton D.,0.35
Broady L.,0.484375
Brooksby J.,0.5904280904280904
Brouwer G.,0.5833333333333334
Brown D.,0.4756944444444444
Browne F.,0.48148148148148145
Bruguera S.,0.5
Brugues-Davi A.,0.4285714285714285
Bryan B.,0.4809523809523809
Bryan M.,0.5
Brzezicki J.P.,0.6
Bu Y.,0.36688988095238095
Bubka S.,0.35
Bublik A.,0.45166666666666666
Buchanan C.,0.35
Burgsmuller L.,0.4895833333333333
Cachin P.,0.35
Cadart R.,0.35
Cakl T.,0.35
Calatrava A.,0.35
Calleri A.,0.39547325102880654
Canas G.,0.5715277777777777
Capdeville P.,0.4111111111111111
Carballes Baena R.,0.3711111111111111
Carlsen K.,0.494320987654321
Carraz G.,0.35
Carreno Busta P.,0.6075117370892019
Carreno-Busta P.,0.35
Caruana L.,0.35
Caruso S.,0.48919753086419754
Cazaux A.,0.44040404040404035
Cecchinato M.,0.35
Celikbilek A.,0.35
Cerundolo F.,0.351984126984127
Cerundolo J.M.,0.4444444444444444
Cervantes I.,0.46875
Chaen T.,0.4285714285714285
Chakravarthi C.,0.35
Chang M.,0.3644319131161236
Chappell N.,0.35
Chardy J.,0.46155640373197626
Chardy J. ,0.5555555555555556
Chela J.I.,0.48919376693766936
Chen T.,0.35
Chidekh C.,0.35
Chiudinelli M.,0.38300705467372137
Chiudinelli M. ,0.41666666666666663
Choinski J.,0.5
Chung H.,0.47091982091982093
Chvojka E.,0.4444444444444444
Cilic M.,0.6007816257816259
Cilic M. ,0.48148148148148145
Cipolla F.,0.3712962962962963
Clarke J.,0.35
Clavet F.,0.611574074074074
Clayton A.,0.4444444444444444
Clemens T.,0.4166666666666667
Clement A.,0.5286281179138322
Cobolli F.,0.4662037037037037
Collignon R.,0.35
Comesana F.,0.35
Cook L.,0.4285714285714285
Copil M.,0.44785714285714284
Coppejans K.,0.35
Coria F.,0.35
Coria G.,0.5243243243243243
Coric B.,0.4881642512077295
Corretja A.,0.5388888888888889
Costa A.,0.35
Costa F.,0.5555555555555556
Couacaud E.,0.5
Coutelot N.,0.5714285714285714
Cowan B.,0.5
Crabb J.,0.6
Cressy M.,0.4274961597542243
Crivoi V.,0.4444444444444444
Crugnola M.,0.375
Cuevas P.,0.38473947550034504
Cuevas P. ,0.5555555555555556
Dabul B.,0.575
Dancevic F.,0.416376306620209
Daniel M.,0.35
Daniel T.,0.35
Darcis S.,0.5105263157894736
Darderi L.,0.35
Davidovich Fokina A.,0.45454545454545453
Davydenko N.,0.6097308488612837
Davydenko N. ,0.6666666666666666
De Bakker T.,0.46284722222222224
De Chaunac S.,0.5
De Greef A.,0.6875
De Heart R.,0.75
De Jong J.,0.5912698412698413
De Minaur A.,0.6387030738221214
De Schepper K.,0.3686868686868687
De Voest R.,0.5
Deheart R.,0.4444444444444444
Del Potro J.M.,0.6961182336182337
Delbonis F.,0.3722222222222222
Delgado J.,0.35
Delgado R.,0.39351851851851855
Delic A.,0.35
Delic M.,0.4444444444444444
Dell'Acqua M.,0.375
Dellien H.,0.35
Dent T.,0.4856559290382819
Dev Varman S.,0.35
Devilder N.,0.35
Devvarman S.,0.5322128851540616
Dhamne M.,0.35
Di Pasquale A.,0.35
Diallo G.,0.35
Diaz Acosta F.,0.4444444444444445
Diaz J.,0.4166666666666667
Dimitrov G.,0.6029024349704978
Djere L.,0.4283950617283951
Djokovic N.,0.75
Djokovic N. ,0.75
Djuric B.,0.75
Dlouhy L.,0.7470238095238094
Dodig I.,0.4854359156597963
Dolgopolov O.,0.528673835125448
Donaldson J.,0.43333333333333335
Donski A.,0.35
Donskoy E.,0.35
Dorsch B.,0.35
Dosedel S.,0.35
Draper J.,0.6283998283998283
Draper S.,0.6222222222222222
Droguet T.,0.35
Duckworth J.,0.4396198830409357
Duclos P.L.,0.35
Dupuis A.,0.3773148148148148
Durasovic V.,0.35
Durek R.,0.35
Dutra Da Silva R.,0.35
Dutra Silva R.,0.35
Dzumhur D.,0.35
Ebden M.,0.417063492063492
Echargui M.,0.4444444444444444
Economidis K.,0.375
Edmund K.,0.5019914756025867
Eitzinger R.,0.5555555555555556
El Amrani R.,0.5
El Aynaoui Y.,0.35
Eleskovic E.,0.4074074074074074
Elgin M.,0.375
Elias G.,0.3571428571428571
Elseneer G.,0.35
Elsner D.,0.35
Enqvist T.,0.5683185677371724
Erlich J.,0.6111111111111112
Eschauer W.,0.5
Escobedo E.,0.35
Escude N.,0.6160493827160494
Estrella Burgos V.,0.5777777777777777
Etcheverry T.,0.35
Etlis G.,0.3703703703703704
Eubanks C.,0.43128019323671496
Evans B.,0.35
Evans D.,0.5266296296296296
Fabbiano T.,0.35
Falla A.,0.35
Falla A. ,0.35
Fancutt T.,0.35
Farah R.,0.35
Faurel J.C.,0.35
Fearnley J.,0.35
Federer R.,0.75
Federer R. ,0.75
Ferreira Silva F.,0.625
Ferreira W.,0.46067927170868345
Ferrer D.,0.609775641025641
Ferrer D. ,0.6111111111111112
Ferrero J.C.,0.5922657952069716
Ferrero J.C. ,0.4444444444444444
Fils A.,0.5938888888888889
Fischer M.,0.5185185185185185
Fish A.,0.5
Fish M.,0.5773280423280422
Fleishman Z.,0.35
Fognini F.,0.46907948094079477
Fonseca J.,0.5111111111111111
Forejtek J.,0.625
Fratangelo B.,0.6137667887667888
Fritz T.,0.5980034722222222
Fromberg R.,0.6296296296296297
Fucsovics M.,0.5548015873015872
Fukarek O.,0.4444444444444444
Furlan R.,0.375
Gabashvili T.,0.35
Gaio F.,0.35
Galan D.E.,0.35
Galarneau A.,0.35
Galimberti G.,0.35
Galvani S.,0.35
Gambill J. M.,0.35
Gambill J.M.,0.5768879268879269
Garcia A.,0.35
Garcia-Lopez G.,0.4485894097222222
Garcia-Lopez G. ,0.35
Garin C.,0.4275252525252525
Gasquet R.,0.6055103884372177
Gasquet R. ,0.5555555555555556
Gaston H.,0.40277777777777773
Gaudenzi A.,0.35
Gaudio G.,0.3655555555555556
Gea A.,0.5555555555555556
Gerasimov E.,0.4626262626262626
Giannessi A.,0.35
Gicquel M.,0.47940379403794037
Gigante M.,0.75
Gil F.,0.47740740740740745
Gimelstob J.,0.3825396825396825
Gimeno-Traver D.,0.35
Gimeno-Traver D. ,0.35
Ginepri R.,0.42133487654320984
Giraldo S.,0.4271186440677966
Giron M.,0.5152592592592593
Godwin N.,0.3703703703703704
Goellner M.K.,0.35
Goffin D.,0.5250631313131313
Gojo B.,0.3909090909090909
Gojowczyk P.,0.42222222222222217
Goldstein P.,0.35185185185185186
Golmard J.,0.46148148148148144
Golubev A.,0.35
Gombos N.,0.4302469135802469
Gomez E.,0.4259259259259259
Gomez L.,0.4375
Gong M.X.,0.40178571428571425
Gonzalez A.,0.3571428571428571
Gonzalez F.,0.6494859307359307
Gonzalez F. ,0.6666666666666666
Gonzalez M.,0.6875
Gooding J.,0.7142857142857143
Granollers M.,0.46304290947148086
Granollers M. ,0.35
Gregorc L.,0.375
Gremelmayr D.,0.37307692307692303
Grenier H.,0.35
Greul S.,0.35
Greul S. ,0.5555555555555556
Griekspoor T.,0.569760101010101
Grosjean S.,0.5242894056847546
Groth S.,0.3859903381642512
Guccione C.,0.4911877394636015
Guez D.,0.3611111111111111
Guinard M.,0.375
Gulbis E.,0.5069380440348182
Gunneswaran P.,0.35
Gustafsson M.,0.4375
Guzman J.P.,0.625
Haas T.,0.6709920634920634
Haase R.,0.4378205128205128
Habib H.,0.35
Haehnel J.,0.375
Haider-Mauer A.,0.5714285714285714
Haider-Maurer A.,0.5793650793650794
Hajek J.,0.35
Hajji A.,0.35
Halys Q.,0.3888888888888889
Hanescu V.,0.3659259259259259
Hanescu V. ,0.4444444444444444
Hanfmann Y.,0.4055555555555555
Hank T.,0.5555555555555556
Hantschek M.,0.625
Hantschk M.,0.4693877551020408
Harris A.,0.38095238095238093
Harris B.,0.4761904761904761
Harris L.,0.6053968253968254
Harrison C.,0.41666666666666663
Harrison R.,0.4487117552334944
Hartfield D.,0.35
Healey N.,0.35
Hemery C.,0.42857142857142855
Henman T.,0.6610719184793259
Herbert P.,0.5555555555555556
Herbert P.H,0.5625
Herbert P.H.,0.48630268199233717
Hernandez A.,0.75
Hernandez O.,0.59375
Hernandez O. ,0.375
Hernych J.,0.4268408289241623
Hernych J. ,0.35
Heuberger I.,0.4296875
Hewitt L.,0.7060952380952381
Hijikata R.,0.44329501915708813
Hipfl M.,0.4444444444444444
Hippensteel K.,0.4375
Hirigoyen I.,0.4285714285714285
Hoang A.,0.35
Holmgren A.,0.35
Holt B.,0.35
Hong S.,0.35
Horna L.,0.35
Hrbaty D.,0.5791842475386779
Hsu Y.,0.4444444444444444
Huesler M.A.,0.4803703703703704
Huet S.,0.4444444444444444
Humbert U.,0.5510364842454395
Hurkacz H.,0.62005772005772
Huta Galung J.,0.4861111111111111
Hutchins R.,0.35
Ignatik U.,0.35
Ilhan M.,0.35
Ilie A.,0.35
Ilkel C.,0.35
Im K.T.,0.375
Ishii Y.,0.375
Isner J.,0.6304027777777778
Isner J. ,0.6666666666666666
Istomin D.,0.4623626373626374
Ito T.,0.35
Ittogi T.,0.35
Ivanisevic G.,0.3746527777777778
Ivanov I.,0.5555555555555556
Ivanov-Smolensky K.,0.5
Ivashka I.,0.541220238095238
Iwabuchi S.,0.5
Iwami T.,0.375
Jacquet K.,0.45238095238095233
Janowicz J.,0.5568915343915344
Jarry N.,0.47530864197530864
Jasika O.,0.4444444444444444
Jaziri M.,0.35
Jelenic P.,0.38888888888888884
Jenkins S.,0.375
Johansson J.,0.707688492063492
Johansson T.,0.4685185185185185
Johnson S.,0.450480109739369
Jones A.,0.35
Jones G.,0.35
Jones G.D.,0.35
Jonsson F.,0.35
Jouan R.,0.35
Joyce M.,0.35
Jun W.,0.35
Jun W.S.,0.35
Junaid R.,0.35
Jung J.,0.35
Junqueira D.,0.55
Kadhe A.,0.4508928571428571
Kafelnikov Y.,0.7092114150624789
Kamke T.,0.35
Karanusic R.,0.35
Karatsev A.,0.3928921568627451
Karlovic I.,0.513658881811748
Karlovic I. ,0.4444444444444444
Kavcic B.,0.4327020202020202
Kecmanovic M.,0.4340740740740741
Kempes E.,0.5370370370370371
Kendrick R.,0.48376068376068376
Ketola T.,0.3611111111111111
Khachanov K.,0.5723524305555555
Khalfan S.,0.5
Kicker N.,0.4166666666666667
Kiefer N.,0.5073937908496733
Kim A.,0.4074074074074074
Kim K.,0.4377450980392157
Kimmich M.,0.35
King D.,0.35
King E.,0.38095238095238093
King K.,0.5
King P.,0.5
King-Turner D.,0.35
Kirkin E.,0.35
Klaasen R.,0.35
Klahn B.,0.35
Klec I.,0.35
Klein B.,0.35
Klein L.,0.37783446712018137
Klizan M.,0.43871252204585537
Knippschild J.,0.4444444444444444
Knowle J.,0.3541666666666667
Koellerer D.,0.35
Koellerer D. ,0.375
Koepfer D.,0.43345410628019326
Kohlmann M.,0.42857142857142855
Kohlschreiber P.,0.5255752794214332
Kohlschreiber P. ,0.35
Kokkinakis T.,0.44748931623931626
Koll H.,0.4444444444444444
Kondo H.,0.5625
Kopriva V.,0.6857142857142857
Korda S.,0.6770238095238096
Korolev E.,0.5129032258064516
Korolev E. ,0.35
Kosakowski D.,0.375
Kotov P.,0.4552331349206349
Koubek S.,0.5031746031746032
Kovacevic A.,0.35
Kovalik J.,0.4521367521367521
Kozlov S.,0.5925925925925926
Krajan Z.,0.35
Krajicek A.,0.4225885225885226
Krajicek R.,0.6049382716049383
Krajinovic F.,0.5283602150537634
Krall L.,0.4444444444444444
Kratochvil M.,0.5015432098765432
Kravchuk K.,0.35
Kroslak J.,0.35
Krstin P.,0.35
Krueger M.,0.35
Kubler J.,0.35
Kubot L.,0.38290598290598293
Kucera K.,0.6361111111111111
Kudla D.,0.3626984126984127
Kudryavtsev A.,0.38095238095238093
Kuerten G.,0.6240196078431373
Kuhn N.,0.5555555555555556
Kukushkin M.,0.3902006172839506
Kumar O.,0.35
Kunitsyn I.,0.35
Kunitsyn I. ,0.35
Kutsenko V.,0.35
Kuzmanov D.,0.35
Kuznetsov A.,0.35
Kuznetsov Al.,0.35
Kuznetsov An.,0.3564935064935065
Kwiatkowski T.S.,0.5555555555555556
Kwon S.W.,0.4887301587301587
Kypson P.,0.48148148148148145
Kyrgios N.,0.6573148148148148
Laaksonen H.,0.41388888888888886
Labadze I.,0.35
Lacko L.,0.3877777777777778
Lajovic D.,0.42444444444444446
Lama G.,0.4444444444444444
Lamasine T.,0.4583333333333333
Lammer M.,0.48571428571428565
Lammer M. ,0.6904761904761905
Landaluce M.,0.7142857142857143
Lapentti G.,0.6147959183673469
Lapentti N.,0.37092592592592594
Larose S.,0.4444444444444444
Larsson M.,0.6071428571428571
Lazarov A.,0.625
Lazov A.,0.5
Ledovskikh M.,0.4285714285714285
Lee H.T.,0.505021164021164
Lee M.,0.35
Lehecka J.,0.6059523809523809
Lemke J.,0.5555555555555556
Leshem E.,0.625
Lestienne C.,0.40939153439153436
Levine J.,0.35
Levy H.,0.43809523809523804
Li Z.,0.35185185185185186
Lindahl N.,0.35
Lisnard J.,0.35
Lisnard J.R.,0.3837301587301587
Ljubicic I.,0.60969868173258
Ljubicic I. ,0.5555555555555556
Llamas Ruiz P.,0.5
Llodra M.,0.43937014522120904
Lokoli L.,0.5555555555555556
Londero J.I.,0.35
Lopez F.,0.4918207908163265
Lopez F. ,0.35
Lopez M.,0.375
Lorenzi P.,0.35
Lu Y.,0.4444444444444444
Lu Y.H.,0.3976372924648786
Luczak P.,0.35
Luczak P. ,0.35
Luzzi F.,0.35
Maamoun K.,0.4285714285714285
Machac T.,0.5362301587301588
Machado R.,0.35
Maden Y.,0.35
Maestrelli F.,0.35
Mager G.,0.35
Mahut N.,0.3504273504273504
Majchrzak K.,0.3718518518518518
Malisse X.,0.5348444444444445
Mamiit C.,0.46488888888888885
Mankad H.,0.35
Mannarino A.,0.44179662118258606
Mansouri S.,0.4444444444444444
Mantilla F.,0.5073333333333333
Marach O.,0.5185185185185185
Marcaccio G.,0.5
Marcan D.,0.5714285714285714
Marchenko I.,0.48576548899129546
Marcora R.,0.4722222222222222
Marozsan F.,0.5887962962962963
Marray J.,0.5555555555555556
Martelli M.,0.5
Marterer M.,0.4063492063492063
Marti J.,0.35
Martin A.,0.35
Martin A. ,0.35
Martin T.,0.41909722222222223
Martineau M.,0.5555555555555556
Martinez P.,0.3921652421652422
Massa E.,0.38888888888888884
Massu N.,0.41435185185185186
Mathieu P.H.,0.48986568986568985
Mathieu P.H. ,0.6666666666666666
Matosevic M.,0.48055555555555557
Mayer F.,0.42766439909297055
Mayer L.,0.40515873015873016
Mayer L. ,0.6111111111111112
Mayot H.,0.5892857142857143
Mazarakis V.,0.4285714285714285
McDonald M.,0.35
Mccabe J.,0.35
Mcdonald M.,0.44060019841269843
Medjedovic H.,0.4785714285714286
Medvedev A.,0.7407407407407408
Medvedev D.,0.7272601794340925
Medvedev D. ,0.6666666666666666
Meffert D.,0.625
Mektic N.,0.6428571428571428
Meligeni Alves F.,0.4444444444444444
Meligeni F.,0.6006235827664399
Mello R.,0.42857142857142855
Melo D.,0.35
Melzer G.,0.35
Melzer J.,0.49146214896214896
Menendez-Maceiras A.,0.35
Mensik J.,0.44722222222222224
Michelsen A.,0.46872427983539094
Millman J.,0.45051851851851854
Millot V.,0.3808080808080808
Milojevic N.,0.4074074074074074
Minar I.,0.3852777777777778
Minar J.,0.35
Miranda I.,0.375
Mirnyi M.,0.5548224374495561
Mitchell B.,0.35
Mmoh M.,0.35
Mochizuki S.,0.35
Molcan A.,0.35
Monaco J.,0.4665260196905766
Monaco J. ,0.4444444444444444
Monfils G.,0.6906961178045515
Monfils G. ,0.75
Montanes A.,0.4051679586563308
Montanes A. ,0.3703703703703704
Montcourt M.,0.4166666666666667
Monteiro T.,0.38063492063492066
Moodie W.,0.5113960113960113
Moreno De Alboran N.,0.35
Moriya H.,0.35
Moroni G.M.,0.4285714285714285
Morrison J.,0.35
Motomura G.,0.35
Mott B.,0.35
Moutet C.,0.5525321239606954
Moya C.,0.6434250764525993
Mpetshi G.,0.4166666666666667
Mukund S.,0.5
Muller A.,0.45937500000000003
Muller G.,0.5456790123456791
Munar J.,0.4939153439153439
Munoz-De La Nava D.,0.35185185185185186
Murray A.,0.6939324618736383
Murray A. ,0.6444444444444445
Musetti L.,0.5078703703703704
Mutis O.,0.3555555555555555
Myneni S.,0.35
Nadal R.,0.75
Nadal R. ,0.75
Nader M.,0.75
Nagal S.,0.4071733821733821
Nakashima B.,0.39575757575757575
Nalbandian D.,0.6477053140096618
Nam H.W.,0.6666666666666666
Nam J.S.,0.6875
Napolitano S.,0.5714285714285714
Nardi L.,0.5167195767195767
Nava E.,0.48148148148148145
Navarro-Pastor I.,0.48459595959595964
Navone M.,0.35
Nedovyesov A.,0.35
Neff A.,0.35
Nestor D.,0.35
Nielsen F.,0.35
Nielsen M.,0.35
Niemeyer F.,0.35
Nieminen J.,0.5365769496204279
Nieminen J. ,0.5
Nishikori K.,0.6133183183183183
Nishioka Y.,0.4640522875816993
Noguchi R.,0.5555555555555556
Norman D.,0.4166666666666667
Norman M.,0.5327777777777778
Norrie C.,0.5992831541218638
Novak D.,0.4259259259259259
Novak J.,0.5506172839506173
Novikov D.,0.4444444444444444
O Connell C.,0.38333333333333336
O'Brien A.,0.5555555555555556
O'Connell C.,0.5
Odesnik W.,0.35304761904761905
Ofner S.,0.5305555555555556
Ogorodov O.,0.4
Ojeda Lara R.,0.35
Okun N.,0.36577964519140993
Olaso G.,0.35
Olivetti A.,0.35
Olivo R.,0.37142857142857133
Oncins J.,0.5
Onclin G.,0.5
Onoda M.,0.5
Opelka R.,0.5202442002442003
Otte O.,0.6863247863247863
Ouanna J.,0.5555555555555556
Pacheco Mendez R.,0.4583333333333333
Paes L.,0.35
Paire B.,0.47468388485337637
Pannu K.,0.35
Papamalamis T.,0.35
Parmar A.,0.35
Pashanski B.,0.35
Passaro F.,0.46428571428571425
Patience O.,0.5816326530612245
Paul T.,0.6299743466410133
Pavel A.,0.48865740740740743
Pavic A.,0.35
Pavic M.,0.35
Peliwo F.,0.35
Pella G.,0.4787647537647538
Pescosolido S.,0.35
Petrovic D.,0.375
Petzschner P.,0.5366176967240797
Petzschner P. ,0.5555555555555556
Peya A.,0.38310185185185186
Phau B.,0.3896551724137931
Philippoussis M.,0.46215277777777775
Phillips T.,0.35
Pioline C.,0.5137037037037037
Piros Z.,0.5555555555555556
Pless K.,0.5274691358024691
Poerschke L.,0.35
Polansky P.,0.35
Polmans M.,0.35
Popko D.,0.35
Popp A.,0.35
Popyrin A.,0.40311890838206627
Portas A.,0.35
Pospisil J.,0.35
Pospisil V.,0.5081259018759018
Pouille L.,0.46029143897996355
Pozzi G.,0.37777777777777777
Prashanth V.,0.35
Pretzsch A.,0.35
Prinosil D.,0.35
Prizmic D.,0.35
Prodon E.,0.35
Prpic F.,0.35
Przysiezny M.,0.37807539682539676
Puentes G.,0.35
Puerta M.,0.35
Purcell M.,0.47239583333333335
Querrey S.,0.516962962962963
Querry S.,0.35
Quinn E.,0.35
Quiroz R.,0.4444444444444444
Rafter P.,0.7177083333333333
Ram A.,0.6666666666666666
Ram R.,0.35
Ramanathan R.,0.35
Ramirez-Hidalgo R.,0.35
Ramos A.,0.35
Ramos-Vinolas A.,0.35645161290322586
Raonic M.,0.6242283950617283
Rastogi K.,0.6111111111111112
Rea S.,0.5
Recouderc L.,0.38095238095238093
Rehnquist B.,0.38095238095238093
Reichel A.,0.5
Reid T.,0.35
Reister J.,0.375
Reynolds B.,0.3524305555555556
Riba P.,0.35
Riedi L.,0.35
Rinderknech A.,0.4347718253968254
Rios M.,0.6645833333333333
Robert S.,0.6104166666666666
Robredo T.,0.528858024691358
Robredo T. ,0.3703703703703704
Rochus C.,0.35
Rochus C. ,0.35
Rochus O.,0.5150584795321638
Rochus O. ,0.4444444444444444
Roddick A.,0.75
Rodionov J.,0.5555555555555556
Roger-Vasselin E.,0.39249999999999996
Roitman S.,0.35185185185185186
Rola B.,0.35
Rosol L.,0.35
Rosset M.,0.4170940170940171
Rottgering M.,0.35
Roux L.,0.35
Royer V.,0.36071428571428565
Rubin N.,0.3888888888888889
Rublev A.,0.6143617021276596
Rufin G.,0.41666666666666663
Rune H.,0.5905058043117745
Rusedski G.,0.6700396825396825
Russell M.,0.4794871794871795
Ruud C.,0.5712050078247262
Ruusuvuori E.,0.5306584362139918
Rybakov A.,0.6666666666666666
Ryderstedt M.,0.6666666666666666
Sa A.,0.37925685425685424
Sabau R.,0.4444444444444444
Sabry S.,0.375
Sachko V.,0.35
Safin M.,0.5556897759103641
Safiullin R.,0.48160919540229885
Safwat M.,0.4222222222222222
Sakamoto R.,0.375
Sakellaridis S.,0.35
Salva B.,0.35
Salzenstein J.,0.35
Sampras P.,0.5327821869488536
Sanchez D.,0.47160493827160493
Sanchez M.,0.35
Sandgren T.,0.4189814814814815
Sanguinetti D.,0.4404761904761905
Santillan A.,0.5555555555555556
Santoro F.,0.48292042042042044
Saretta F.,0.44296296296296295
Sargsian S.,0.4437908496732026
Sarkissian A.,0.5
Saulnier C.,0.5051587301587301
Savolt A.,0.5370370370370371
Schalken S.,0.5096913580246913
Scherrer J.C.,0.5555555555555556
Schnur B.,0.4
Scholtz N.,0.35
Schoolkate T.,0.35
Schoorel T.,0.35
Schuettler R.,0.5548829701372074
Schuettler R. ,0.35
Schukin Y.,0.35
Schwank E.,0.35
Schwartzman D.,0.5027397260273972
Sekulic P.,0.5555555555555556
Sela D.,0.4157004830917874
Seppi A.,0.47589869281045755
Seppi A. ,0.4444444444444444
Serdarusic N.,0.5
Serra F.,0.4845521541950113
Serra F. ,0.35
Settergren J.,0.35
Seyboth Wild T.,0.37480158730158725
Shang J.,0.52
Shapovalov D.,0.5430944963655243
Shelbayh A.,0.6666666666666666
Shelton B.,0.6429705215419501
Shevchenko A.,0.5747863247863247
Shi B.,0.35
Shimabukuro S.,0.35
Shimizu Y.,0.35
Sidorenko A.,0.35
Siemerink J.,0.5561904761904761
Sijsling I.,0.5119236583522297
Silva J.,0.35
Simmonds P.,0.375
Simon G.,0.49855555555555553
Simon G. ,0.5555555555555556
Simoni A.,0.625
Sinner J.,0.75
Sirianni J.,0.6507936507936508
Sitak A.,0.4375
Skoch D.,0.35
Skugor F.,0.35
Slanar M.,0.35
Sluiter R.,0.35
Smeets R.,0.38888888888888884
Smith A.,0.375
Smith C.,0.35
Smith J.P.,0.35
Smith L.,0.35
Smyczek T.,0.35
Snobel P.,0.35
Sock J.,0.5033197831978319
Soderling R.,0.6583638583638584
Soeda G.,0.35
Sonego L.,0.3821493624772313
Sorensen L.,0.5555555555555556
Sousa J.,0.37148919753086423
Sousa P.,0.5925925925925926
Souza J.,0.625
Spadea V.,0.5004901960784314
Spizzirri E.,0.38888888888888884
Spracklin T.,0.375
Squillari F.,0.35
Srichaphan P.,0.5984953703703704
Stadler S.,0.5
Stakhovsky S.,0.41973905723905724
Starace P.,0.35
Statham J.,0.375
Statham R.,0.375
Stebe C-M.,0.35
Stebe C.M.,0.3805886243386243
Steckley R.,0.4444444444444444
Stepanek R.,0.5472040668119099
Stepanek R. ,0.6111111111111112
Stoliarov A.,0.6688034188034189
Stoltenberg J.,0.47619047619047616
Stoppini A.,0.7060185185185185
Stricker D.,0.625
Struff J-L.,0.7142857142857143
Struff J.L.,0.44683029590437
Sugita Y.,0.35
Sultan-Khalfan A.,0.35
Summerer T.,0.375
Sun P.,0.4761904761904761
Suzuki T.,0.5635547201336675
Svajda T.,0.4444444444444444
Svajda Z.,0.35
Svrcina D.,0.35
Sweeny D.,0.4375
Sweeting R.,0.4576940035273369
Syed F.,0.4444444444444444
Tabara M.,0.5967592592592593
Taberner C.,0.6444444444444445
Tabilo A.,0.6318287037037037
Tabur C.,0.5555555555555556
Taino E.,0.4375
Takahashi Y.,0.5714285714285714
Tarango J.,0.45039682539682535
Te R.,0.35
Tearney F.,0.35
Tepavac M.,0.35
Terachi T.,0.35
Thiem D.,0.5515504827360498
Thiem D. ,0.5
Thomann N.,0.375
Thomas J.,0.4285714285714285
Thompson J.,0.5039592352092352
Tiafoe F.,0.49393004115226335
Tien L.,0.6096296296296296
Tipsarevic J.,0.5152905198776758
Tipsarevic J. ,0.38888888888888884
Tirante T.A.,0.4583333333333333
Tomashevich D.,0.5714285714285714
Tomic B.,0.509035409035409
Torpegaard M.,0.4444444444444444
Travaglia S.,0.5031565656565656
Troicki V.,0.5197080291970804
Troicki V. ,0.35
Trotter J.K.,0.35
Trungelliti M.,0.35
Tseng C. H.,0.35
Tseng C.H.,0.35
Tsitsipas P.,0.35
Tsitsipas S.,0.612873999157185
Tsitsipas S. ,0.6666666666666666
Tsonga J.W.,0.6722573839662448
Tsonga J.W. ,0.6666666666666666
Tu L.,0.35
Tursunov D.,0.4592716600529101
Uchida K.,0.4444444444444444
Uchiyama Y.,0.3626068376068376
Udomchoke D.,0.35
Ugo Carabelli C.,0.35
Ulihrach B.,0.5545751633986927
Ungur A.,0.5555555555555556
Uppal V.,0.625
Vacek D.,0.6190476190476191
Vacek J.,0.6535409035409034
Vacherot V.,0.4920634920634921
Vahaly B.,0.5263227513227513
Valkusz M.,0.35
Van Assche L.,0.35
Van De Zandschulp B.,0.4821802935010482
Van Der Merwe I.,0.4444444444444444
Van Lottum J.,0.75
Van Rijthoven T.,0.6666666666666666
Van der Merwe I.,0.7142857142857143
Vanek J.,0.45511204481792716
Vanni L.,0.4
Vardhan V.,0.375
Varillas J.P.,0.35
Varlet J.,0.35
Vassallo-Arguello M.,0.35
Vassallo-Arguello M. ,0.35
Vatutin A.,0.35
Vavassori A.,0.35
Veger F.,0.35
Veic A.,0.3933673469387755
Vemic D.,0.35
Ventura S.,0.35
Venus M.,0.35
Verdasco F.,0.5054307116104869
Verdasco F. ,0.6111111111111112
Verkerk M.,0.5388888888888889
Vesely J.,0.49693486590038316
Vicente F.,0.3975308641975308
Vico U.,0.35
Vik R.,0.35
Vilella Martinez M.,0.4884259259259259
Villanueva G.,0.5
Vinciguerra A.,0.535808767951625
Vinck C.,0.3555555555555555
Viola M.,0.4375
Virtanen O.,0.3794642857142857
Vliegen K.,0.5603174603174603
Voinea A.,0.5008547008547009
Volandri F.,0.35
Voltchkov V.,0.37878787878787884
Vrbensky M.,0.6666666666666666
Vukic A.,0.39166666666666666
Walton A.,0.35
Wang C.,0.38888888888888884
Wang Y.Jr.,0.5
Wang Y.T.,0.4397321428571428
Warburg S.,0.35
Ward J.,0.35
Washington M.,0.35
Waske A.,0.35
Watanuki Y.,0.46222222222222226
Wawrinka S.,0.6262626262626262
Wawrinka S. ,0.35
Weiner G.,0.5277777777777778
Weintraub A.,0.35416666666666663
Wessels P.,0.4942708333333333
Whitehouse W.,0.35
Widom T.,0.35
Williams R.,0.35
Willman D.,0.35
Witten J.,0.35
Wolf J.J.,0.6120199692780338
Wolmarans F.,0.35
Wong C.,0.35
Woodbridge T.,0.35
Woodruff C.,0.45153061224489793
Wu D.,0.35
Wu T.L.,0.35
Wu Y.,0.47630718954248363
Yang T.H.,0.6666666666666666
Yani M.,0.5625
Yevseyev D.,0.4285714285714285
Ymer E.,0.35
Ymer M.,0.53584229390681
Yoon Y.,0.4444444444444444
Young D.,0.44725975975975973
Youzhny A.,0.35
Youzhny M.,0.538250319284802
Youzhny M. ,0.4222222222222222
Yu X.Y.,0.5625
Yuksel A.,0.5714285714285714
Zabaleta M.,0.4705146705146705
Zapata Miralles B.,0.35
Zayed M. S.,0.35
Zayid M.,0.35
Zayid M. S.,0.35
Zayid M.S.,0.35
Zeballos H.,0.36330049261083747
Zeballos H. ,0.4444444444444444
Zemlja G.,0.42948717948717946
Zeng S.X.,0.35
Zeppieri G.,0.35
Zhang Z.,0.35
Zhang Ze,0.35
Zhang Ze.,0.35
Zhang Zh.,0.35
Zhou Y.,0.35
Zhukayev B.,0.35
Zib T.,0.37820020481310807
Zimonjic N.,0.35
Zitko R.,0.35
Zopp J.,0.35
Zovko L.,0.35
Zuk K.,0.35
Zverev A.,0.7208924629454431
Zverev A. ,0.6666666666666666
Zverev M.,0.35
de Chaunac S.,0.35
de Voest R.,0.35
di Mauro A.,0.375
di Pasquale A.,0.36688311688311687
van Lottum J.,0.5185185185185185
van Scheppingen D.,0.3827160493827161
